,mapped_feature_0,mapped_feature_1,mapped_feature_2,mapped_feature_3,mapped_feature_4,mapped_feature_5,mapped_feature_6,mapped_feature_7,mapped_feature_8,mapped_feature_9,mapped_feature_10,mapped_feature_11,mapped_feature_12,mapped_feature_13,mapped_feature_14,mapped_feature_15,mapped_feature_16,mapped_feature_17,mapped_feature_18,mapped_feature_19,mapped_feature_20,mapped_feature_21,mapped_feature_22,mapped_feature_23,mapped_feature_24,mapped_feature_25,mapped_feature_26,mapped_feature_27,mapped_feature_28,mapped_feature_29,mapped_feature_30,mapped_feature_31,mapped_feature_32,mapped_feature_33,mapped_feature_34,mapped_feature_35,mapped_feature_36,mapped_feature_37,mapped_feature_38,mapped_feature_39,mapped_feature_40,mapped_feature_41,mapped_feature_42,mapped_feature_43,mapped_feature_44,mapped_feature_45,mapped_feature_46,mapped_feature_47,mapped_feature_48,mapped_feature_49
sample_0,10.171914481644183,74.44252690070802,76.94057928568495,8.911850485528294,59.16639640079342,70.54619324214792,48.40733339017752,92.83960040164972,32.31706031281026,12.911757090587061,45.66721452941401,58.284409862339714,7.508030789200959,7.91625224630118,63.77567080444825,94.08003856552428,50.74119682572486,66.65259278934984,53.958048042662256,64.3222500343193,57.08286491441079,16.19369183335958,79.3179051992723,79.37416518942997,75.7084479825991,62.00559145909653,68.16040302296467,28.953637504301778,90.6639728639581,35.62134787236453,67.4395507950857,74.72990736085117,16.802429262604935,90.12104644245058,55.370458033577066,94.59739925882776,19.304769711703806,5.051901478275367,23.97466185837056,11.943536884342809,29.681110621431696,19.141125086522948,53.55736156651943,27.105366084958526,13.665072990040173,5.872121188368262,70.78653380844632,69.6354107714695,56.55887452490318,69.10314335000791
sample_1,87.92882936955606,90.6219931870212,16.415732875624244,5.75263938432633,42.70055732441684,22.9196219591282,46.14887425990041,21.67983063610507,19.4073683450516,46.931380390918484,71.19191633272253,67.0831109189829,72.2966227553231,33.79200660076113,11.882781488079164,53.34259081729482,32.81557774194711,67.24778872691299,48.71498493144958,75.73234305317881,0.007473157108173201,87.77317146322031,77.47762928144397,68.7063649849242,1.3425430819207773,31.164335904294305,84.87083444665608,8.04497962134123,97.81161573608426,65.39720315694126,53.119703729895605,40.07109549139544,35.12297720592545,89.69521589162613,30.437974378954824,21.875363274409352,7.704628726277174,82.93142038976784,25.36619326898162,16.11023188243922,63.00650614342928,96.6650459741412,65.18242861029537,92.35566020136248,85.40491471744805,85.31489046546848,72.4502144309674,68.65536051400035,20.73695101929658,83.66422010018033
sample_2,13.962376474713533,44.81420070361285,29.009843553539348,20.908460180076847,96.43144837099862,9.194291496527995,95.03239470973469,17.916201320243054,51.903399106761285,73.9194599329659,46.678249101371605,53.43065362646734,17.49373230990461,98.2637639060677,18.292547164968187,71.71140562103724,31.41067075006957,66.8122748657754,1.8992701860289674,27.74611010674448,6.178212247502424,78.34349273679031,38.73918722876007,63.61794835291201,64.5426880580811,10.085555048676497,6.036072746102594,84.02250412972512,86.66821045943631,48.20136731507757,5.506730998258059,34.2954117533416,28.247656901495866,28.406189139137417,4.78918851487713,28.68189740239813,49.495317288869586,50.49389586512768,97.68116810178162,98.67964535380732,14.071317082814804,56.409169669886225,96.53965198866085,3.859301633184964,57.57908115651884,63.61648702884513,41.72157757988948,18.173492602790887,0.28554773533810973,32.14643303857099
sample_3,77.47133826167763,88.6750806019549,64.79827130968096,44.90890276244135,60.60339008436259,11.673594155166056,18.302276569449226,38.18161374222356,48.47001065628662,68.16986669328081,49.47357658623953,47.00727826214553,42.60175384191823,85.52856941882254,46.16126097996022,45.58262660003933,97.91488985366111,30.42901281376342,91.1956441719216,51.707456408992634,31.38097536289569,92.89712524900546,64.00340709661066,22.772939886794987,34.145845497974946,45.534162183187064,94.35574502206876,20.37807374933357,85.62749908071284,65.91115489994318,69.29497022358775,53.59808747948783,25.727079080965943,29.23224770958225,29.007409182827036,66.90213858593985,7.609451075855866,61.44606940379699,52.31870276548256,29.97117675353522,56.11834010438569,85.94222468905518,79.08685957435398,60.6139605783247,44.036522613101695,7.483618732425191,31.222712397112705,90.95043530498913,8.353304837523046,13.42565895770943
sample_4,96.33617099932897,54.256784460079366,77.48792718702943,95.34792557443814,97.66409646510785,25.15864410423991,77.11563743520841,70.18275286038931,46.50719304324535,41.987895935995454,0.43439552071724563,23.862886020574447,85.78071971538655,77.57218022420803,61.28168684588567,0.10942207580297847,7.223217515747537,58.801450109830114,71.43355102918534,76.49229452007637,33.454547482996254,44.753334563718525,72.38249028649777,72.31589811334813,84.61432082489287,59.74849536000762,69.49556384090884,95.36179817376788,12.326522078405022,40.190432415464294,64.84341946288546,55.464726823736754,58.53818019786659,9.244878781723397,51.184198919983984,0.7585779026954009,51.89456758371722,35.711928915868405,69.68946449567176,53.51731617693169,35.88136317853973,54.82590258110189,21.429211670827108,61.83805714844305,90.81129383240963,55.793520171928314,33.612887868649686,31.40576313360428,78.83805662823336,99.63312850110871
sample_5,71.0949796038277,28.80224697602525,25.646908271557635,13.889419075650133,33.984052210990214,65.56695723753909,32.818541876438076,8.397323739489938,38.69056939518073,5.880786857138187,29.794591147325345,26.55784431112843,89.63368434122836,49.85737347881837,65.72800992570542,67.29619236564521,2.4642240855796915,85.03033361179556,70.71332408188549,65.42081671287153,67.67227470523342,25.442674310435553,89.7749239028761,66.87267248439738,2.6510058131954506,54.13499902976924,77.58180230241261,59.70441017954602,16.19461245741697,51.31907950897272,77.4060952002456,7.2932830780707665,84.40901963983953,14.534347013432559,66.31423554210443,0.7956046859143973,19.923617358469137,10.098692778498531,92.08135509083495,85.69919816524434,73.96736307674003,7.587586678526737,4.185241800983741,38.27132237922364,28.11195301533367,72.3234649404402,87.64269407524498,65.1445955049253,21.457775604474914,30.817599034573718
sample_6,10.438492830904556,23.98946116990959,46.01648842272028,91.63903256357266,71.89246066458401,64.75594169549619,96.7569687425588,77.32643083656995,11.787407546276762,77.38868094824075,49.10944236075103,18.583914562129046,99.24219639690138,26.918939042830225,46.53066114695975,26.952570693781098,4.246600969853609,21.942483559245083,8.38214758957837,28.47484923363114,62.5860371367873,60.15695797580219,31.046438777278418,16.688905572917633,96.08163948557116,23.943095503242084,34.51931094087899,53.87892656206592,96.3791811619602,30.476480987819386,80.53801263227194,66.29548892225245,87.49898740765346,6.021017036027021,4.750391042815949,55.48188472339201,52.12716653172117,9.981806100276192,58.96953707852395,29.372114042548493,37.97340720321776,86.00453942955207,58.804707956475255,9.633904611957867,16.030051640017962,19.721509796904037,46.881043838256986,29.564852007583376,66.03992605421178,85.1698454515603
sample_7,20.90210498641756,81.63149149579169,71.41482529666831,10.431589232230532,71.09044136052857,41.016937962082686,5.991314186798913,93.41233658464832,98.84210387392181,41.93422016273375,80.07809780959991,69.65753804749333,32.571821572371306,66.37329411272663,87.71396889116744,86.84433146117577,91.56852187832021,14.309170566598784,96.29257882031263,2.343972263618621,97.09307434246438,46.15439366881105,81.91475739878224,14.398724520026319,14.72008024027004,91.91951430000131,19.4014284671574,8.718251572452097,51.31940634251222,10.615182322049554,88.98384967179004,33.95254028394413,12.860384915465616,23.795941799093356,19.87009848421042,84.84183561582246,12.780572318073736,25.485674287546644,62.44191322022291,86.457724790591,46.70665382999509,54.23110918805948,46.832143406099355,69.43936422084526,10.212532834845655,18.596594239795394,21.321736511525113,79.16623043414349,9.42929665748884,84.97422169250211
sample_8,41.193776348855984,93.93778349119937,91.62014318717465,52.125116639385695,69.19194256404136,90.98994696463305,14.32916953564517,15.106109115104093,51.411416696825285,91.94092655118975,9.63360154568721,25.008181955794484,20.434471847833724,10.652366547842307,22.715368850845042,83.66035317398291,81.16440631089469,51.269343224846494,29.22164776602595,43.3619199241778,2.203498030936335,22.956686548594064,53.57422230285454,20.23232227503382,15.575759331268602,87.45333812195032,88.40290452262926,59.71136064178809,35.019489233424004,26.61413486894436,50.061390201977254,70.72700885509784,32.98836160765705,54.86815622282638,78.57384486297667,6.930878541170282,41.64594773682902,83.84892666358141,71.57605279873214,66.82236941262009,96.74069806582251,39.38675718067276,36.73439066532309,0.05485875599732237,28.419613592518843,84.81659463952506,72.8421499373458,67.14955710297282,7.298670829666653,35.917495452973334
sample_9,63.860462506943804,18.55925310769101,12.103566689651391,93.23874272209115,9.006015874515327,78.83726915286216,56.911083978219025,96.13817907498174,23.776964761977627,52.09413660482759,92.59803226981145,73.74088701052382,59.32649318497858,83.93199078294138,54.02171892940116,46.77698322443216,58.25269368531455,22.84941416614592,74.2706216028839,46.73514015449396,36.458149052003996,61.88631108609336,77.18117918181746,33.287000083325346,19.30760662578468,87.99279246400359,2.452535573829284,30.885716278591946,24.956947952289422,73.11170534431491,78.10611200209199,90.98751945802363,42.401571891077175,85.68812589131721,11.671603545049914,18.751803262580445,99.50971696510568,12.911448513091795,91.35121414209316,7.736637946598545,85.71727655222927,65.86177395575051,73.89751505122383,92.23678880333408,46.7647970359119,83.43448759579317,20.19217422649373,43.832534499054645,87.21400625416531,8.435372197904268
sample_10,85.61399764808559,14.14699332745034,46.02784976928952,23.94108353280212,23.375466959593293,32.69842840298822,8.00011631946761,45.04170859388365,18.452768053371216,47.4826089268777,89.33529916586839,27.49087203477748,19.365584759602072,89.31647774234847,17.927677567601062,16.941618211974905,58.039245987987734,97.45516683596216,17.49055871375409,14.565131647759987,38.973012322232215,45.73986833831999,30.891934559147515,98.96065935893168,28.91280888158243,61.6410718217402,7.848405645878243,34.575196375745854,32.25338931614574,22.011108084920828,49.182414022695,91.22369470133864,64.88360609846565,48.3034768244881,21.908368941437352,43.637961583138896,59.55758973167239,63.07012676684065,96.11130450648648,63.525149688578686,96.89724646568652,30.54179604680408,57.76160678215609,57.56662871596819,74.3444529145014,40.40813516393346,79.81587448688201,30.11590410029462,7.755570983597004,77.50121389563401
sample_11,10.126765537543637,13.165392090158988,51.25899547648159,5.442371607953889,79.88601886904449,0.8022751130883354,29.821700167751054,58.45193195770248,41.58969704197257,56.10618105937447,31.164658614457462,2.103188947358836,53.00864037874868,76.08776870280299,64.10933779474067,54.17890120804879,69.30216009723893,10.473113297120928,40.18738030536431,50.015034626597874,45.690491982319536,41.48032574408881,18.294359687742524,2.8625777820993736,61.147618206579146,87.73311963859692,48.43342023601488,69.48799103314916,50.57658409366792,31.587646134775728,1.2291817361231305,86.35637234148264,97.92690923610215,0.705692257702506,34.97959020117879,76.87100718153891,97.08972469544173,14.018012222162534,61.05386620807099,63.33805099045149,52.821351445064636,54.9719236451357,26.55047704918091,37.35924234897418,49.9223960441859,63.83452009005535,78.15001726329457,0.5333316681735423,88.87770993613577,91.08220637778116
sample_12,41.13215028368125,59.76129555757702,16.042455981590475,89.37678261397114,68.40244153764112,96.44984289042132,24.201973852121515,86.53748734851577,12.48751493367365,30.594656724877556,45.45869485742345,26.935657439219117,70.39055466292645,18.69628447421199,9.789527012444065,38.56672563657399,0.5520971651481354,1.7637879113426957,46.7078491986032,42.43372684228499,30.714486123831364,29.852216178473057,64.20867371264674,9.628546776134183,52.459445425117536,52.77189506622698,72.77748054746628,72.79238161905809,91.43456927758324,17.91429208950689,62.43769582401514,66.58541766586669,99.99435092719786,12.376561624814586,23.31677865952264,49.56827850588718,30.505277449518008,94.29174560960621,92.28705171924202,65.33607097563821,84.65694554885891,88.22363941059822,92.64445594121861,18.935265669155378,14.565148584737585,25.32209203283663,21.38535885997642,21.749539971447895,51.05056239851705,25.391211156386017
sample_13,93.53525887496166,73.47830948191954,9.212062274036615,88.61873372256969,79.1081237320807,71.29643104803868,93.17759595337111,35.67188577963991,62.68649601980118,57.574995703620004,21.798943534618886,91.30726414253175,91.61914679040716,74.60334254986189,13.698685293845902,96.41738953611903,80.64971701774165,91.95790342463332,48.1674735464653,3.7913095557739362,11.438633697433376,2.6340855270863495,91.59310402245215,52.56363868678443,17.674779134343765,48.752675427231665,75.73252912070336,8.017199934461615,5.059928647937428,62.58296247599225,58.186708975411214,85.40598104143899,16.211724324551547,80.88794523325483,28.27115131976462,35.013422576682544,3.9680048389478806,74.18532100067934,40.61365185779986,41.05735606469511,83.46114200155807,52.89134084525756,52.194347945815764,13.345188907699711,61.2406332253783,40.615311054578086,28.130831041578773,36.42020752946563,36.872514030174216,74.53003682124066
sample_14,41.458072333620855,76.88292856040714,9.221465334129341,1.6719389959135356,45.161270842769675,46.80423414781292,70.5640440426143,49.615619003773915,91.74424042076016,42.83155887294227,35.42674794900742,4.011463001022031,34.63849307508959,29.98528119171754,3.1752932466531547,26.653521666149416,34.82605236352154,68.9434362357643,37.75579325042882,64.67067564070224,34.1420123811131,2.994947731048103,68.18573784970661,14.76475310579507,47.292894982919776,2.6708031041977276,56.41701114230475,75.06861723087987,65.4560971160776,84.13847837719314,56.546855416392525,37.238341074812766,95.76783054288597,4.859360834347292,70.23530437865494,30.12710216950528,10.15300832485142,42.32520010478028,38.27783946560287,42.54292666907729,72.90145311443818,11.976555450348759,38.152208936324506,23.209012659949025,21.44207755920473,9.041244979129626,25.907925967146827,34.37256705916951,79.8543187393728,38.48103432632867
sample_15,59.204012849520716,44.3670405291397,10.349878713257887,63.572727835006994,15.979034279355442,55.96692870384168,1.971311432698497,74.95487629211873,99.32590731335247,67.89592633706656,14.637440662036516,10.421764212967656,8.688295476045438,64.10117055663008,90.83284718510623,79.39690613724862,91.37044614810344,31.960566630863873,4.138926941251109,40.235732468243754,95.77345685034886,87.76496986561862,35.61924613700135,22.502865572849206,14.438739190121808,66.43142913430474,28.92969056637321,56.224454428727896,54.06819854338144,12.754458844065642,68.35397637794031,37.506708630074804,92.34638047066656,45.30598546868107,9.688746841777728,72.6804435839673,25.858462717250507,43.147770683969085,40.41026036856212,84.99430960471199,24.005888828949264,37.86155034476857,27.98232913119457,72.93618638105713,10.672215024368459,47.727790029577314,13.159904966527892,13.075805068605018,21.896047884989866,63.753392088275476
sample_16,62.101789846053734,42.14358745571724,39.07097743529875,42.60026179334487,64.03196256910857,21.327127296669868,93.51284401572393,33.844392386584346,1.3072978824384074,78.51461209566872,73.7766402942735,59.68496822883096,29.04799370856508,92.39167870191137,30.025969660969732,36.69192026857395,34.039543930119144,31.748740978648037,78.85657114972035,46.812482027374344,96.64376323266411,62.92705098590561,0.07791226752955627,25.237942247037626,87.59546223252929,40.90512848371367,84.20245964679032,50.35509609067809,45.559223824738396,48.03829930489783,64.69235609160496,51.88410466920246,15.980826604184395,87.39173322383776,94.63592588233882,89.37185146098923,63.01041830103333,11.395148057236447,85.90289095912676,68.71266827881199,73.80396546443289,19.835460989547105,35.69777254007248,61.35980796625453,20.492310375999523,7.774055910222566,66.04780417180595,30.519406857947473,24.677429776640114,40.719347283957575
sample_17,15.543254084972702,52.84850924148646,88.38503395594282,50.553164677679106,90.14432836549771,22.34854446126766,97.88299241047511,33.4480286284637,41.894176432291985,65.39403660210115,38.85426229819099,39.196555859932026,47.874186969467495,42.967832606185986,53.031771043080454,39.0158719834514,20.57688754043001,52.33054663300456,77.2862462404468,25.813108738095202,10.211495199274534,27.412007520926096,73.661495120381,42.51462713058714,32.148625720754765,73.92672829158937,26.121250446379506,94.25991879137905,84.68799448679036,37.0664464327347,96.3820407370739,14.358068545620572,8.755735683214382,91.23045123037721,87.64872693751856,66.59695398538503,60.91224546571502,63.228520962281095,50.966876278261196,6.287064520146313,20.870549925614725,38.04348455722445,56.23671286306931,49.23525512945558,75.62454348462911,56.55749818323164,31.53839783260578,69.37186700312188,59.07599575799974,59.506979401529335
sample_18,3.5806565688890624,97.43415813366619,19.38254823792628,23.386927160827085,23.043962176692766,14.746499336293839,4.8186695306123735,23.186748691061,41.11448220706085,34.09326078966064,6.899368805121431,19.320832774989892,51.016145234933695,50.35223110983596,5.957080401516091,13.266191177291686,44.024706550617175,33.66489572239681,64.58166402756619,88.79389804661446,58.96649446650858,30.658225495644942,54.257504053921565,76.68928051531242,88.57347310158808,92.37012694255546,20.524992170256763,69.16015570730868,38.20076524613031,28.19948764338651,81.90520270365882,66.71700042741004,52.58125449881375,1.2961517750636697,81.99725497273553,80.48190676162945,78.42958059768486,63.07856343092357,58.00458907321381,9.881969657058075,74.84253452494706,40.47581276731555,38.86446957964929,0.4891586782322821,41.369921521915444,5.6580783995004325,94.72444367098339,52.29479096702676,90.62270785295438,96.7149280905316
sample_19,98.71491297643905,36.87135408300992,76.15766960646711,50.70028266634322,96.5696967606152,46.32870063517443,12.204324143881651,53.17312283708946,78.68779615012025,0.06297451584144076,60.927132727328825,84.60643034170194,74.81269424382765,19.04207511263609,29.23028154421674,24.92067528887413,27.906500774046805,66.4869626430212,26.905894787396523,21.56525171909196,58.14290465834565,35.02988622966389,5.6505417234233075,74.84966346276835,89.18626359150959,78.29712475672804,75.4441115715012,44.702741200959636,2.304859406323334,8.804132346173022,74.29842373270553,78.41295665534943,85.63913881360526,27.707703710644658,40.05503495385074,15.118419246274028,45.15301834080693,29.97748394493247,31.428691759173933,14.418232882483228,47.39618943549354,38.158093281817386,52.37477544804572,24.655203094320232,1.6614017406142656,25.311774793183307,81.44394372473388,42.15622025000858,40.67842963460352,41.52986759898539
sample_20,36.65471962532941,54.75694150357378,69.00548717747526,68.53402808087606,6.5219701296009625,96.68688599118622,75.71496467643006,39.77256456241054,37.89452957492132,88.6309095731378,28.126487575644788,88.17110629791806,79.69345319922994,50.06005855344432,91.88513802304085,65.85965122418781,36.19592992884015,43.209516535912584,55.392594138873065,34.68738653601229,60.57724170337306,13.303138492250932,22.97253325028007,8.81088661888283,13.247464390728702,33.0204103849857,77.6773215700421,74.33159940815996,93.59136552944824,39.344404952022074,80.60128579306097,78.5038684774406,20.171208247984595,86.10803011797695,20.62395343281719,80.46319779710296,11.42371801861053,94.4624560446464,24.967799220211027,31.469471306233466,21.179253743739622,57.637148378943834,26.429762819829115,41.48209313233777,92.39311607828904,26.228869840166837,95.52601953643848,12.322929046759478,84.73222086680664,4.83349099576158
sample_21,1.8939218840631766,83.72274520498159,57.82281128025328,30.93651127630209,11.594647276388848,21.104326274769893,32.32594339026606,18.97873757139458,71.19068379627026,25.26346411436965,14.113824076824278,17.82627245680186,72.87330878411039,26.39330931165095,16.92660519294983,16.958570027927887,36.293211825083425,33.22338992105561,18.003607153661793,55.992024946084825,36.527859985449695,94.03752417751264,10.587934499780049,4.496107813479466,60.202295186856446,84.5782856848223,14.002423620928884,78.36580831743164,53.35121149332336,62.48480555435451,75.27094050993182,43.824067394676725,85.2367244071404,7.789963494001961,24.758144552339832,7.732942037203094,31.00157844254725,70.4979601048846,76.91923829225735,45.88634443103711,96.56588701047141,32.65028508941656,36.33114271179537,65.58377871624513,9.590237704422055,26.349985976753874,79.68936037051519,44.597911156745454,43.13623119553526,77.70628606286604
sample_22,18.55193643997509,2.6773375013157907,69.93947559073284,20.827323194684546,43.7095330764399,7.633405068615817,22.46624661351505,48.49863056854575,62.54275638477793,65.93119781903476,57.72767326272004,64.0598935217848,60.864875862780806,29.502804035900965,76.3721279165791,60.87284242817543,94.39336705471074,26.542760411829715,98.87691501440085,69.321914279737,92.52504143987834,33.6708164773746,60.784216027577855,31.52069180517455,70.17953964867462,20.221719937114734,87.21607766607204,72.49678469565778,83.38240900896216,28.686517023168314,98.29229533672132,65.114192052518,53.86720863021737,61.34602347651818,92.42026964921385,18.909938611084943,4.063418021722576,34.83667909682476,29.680243411026062,42.38548038483213,9.01054404610855,41.9279253115545,92.36537031169138,49.06388019389605,93.17719557001234,99.92282982257647,55.91546245222827,91.38032975655368,88.7833020632133,19.042822105354507
sample_23,96.6630083503935,3.971937499359157,76.01265823981885,86.77172531903639,2.3245654042782227,14.146852938311127,96.98355643579237,44.861116188252346,47.832031913894646,56.923384294332976,35.71936777610853,80.92479476518946,31.66140125337722,47.067393194753606,54.446850692166535,6.522311077540499,21.460776398530978,54.85477065355445,97.24156729418026,32.22570967735783,81.39698014942957,38.36978151060817,45.57092222831619,82.71356459233333,14.280769227508095,80.43920406725402,3.1979692891722755,79.81853476342286,15.732779587064115,28.967573746300403,34.184450554623126,0.6890035555551788,59.738137492826496,46.14442980291798,38.884983071135984,69.64176734591418,85.91814972953044,16.55685154434502,47.68402614411043,62.75794158303282,25.372367226701208,67.09351926654661,54.661656757473956,90.70943933553707,57.12828530055782,67.93893191437247,67.34237506947593,72.77205638850805,80.94662094259758,72.9233039014392
sample_24,74.28818689064012,57.56629479475145,10.92638661931048,25.880203672815416,92.5403512521694,6.829501656487569,96.20175140113791,32.32695660359599,86.45656956348225,53.37882628056183,80.5245072037615,65.8498705096043,1.5712782159209016,5.293176867313365,95.2151787866309,12.117438373674162,89.86724300961151,86.47557242597775,80.37612729332938,86.09925625069792,24.589527719147952,85.40361959366282,61.377842216540756,87.74687662146675,19.462974358623807,89.2816067194978,9.175816187966678,84.6842629954016,5.902762341562251,98.40952589821025,20.13223624765179,70.6485475962423,88.18627173183512,61.418127849866465,89.43716290745475,69.034079218391,76.73993809833671,12.22627560034918,6.942580688656619,73.84236977846413,76.17627544123981,21.073483096084544,4.789645185659208,77.23679793127154,2.5440084078519276,28.592359881660222,95.78828073229086,35.19389084421785,62.08923391798816,85.34224891402467
sample_25,56.871018792437525,67.06367081003877,36.82077286140566,71.75576416153592,90.23963077724143,44.76425157563392,29.014116990195195,6.493156054147531,60.99898466733287,68.19973259030341,29.4275583016417,28.686235363879643,36.34529418008549,11.958780865012663,0.5520019784397312,18.91398243095367,82.49654449669987,48.8248119297541,26.127901937251576,71.93980838485426,31.88441745103444,36.58174046381265,46.7808923194409,13.370962693790634,72.70031928398333,91.82015691728868,61.47653367319458,11.54196386014693,14.03018845497208,99.6336187280048,49.78140913129593,4.971677885147119,36.01378777048387,36.08588057339618,4.467970401108845,97.97510673045421,43.271994994893646,17.299385023616555,18.0541053214736,37.26316900402442,42.32693958407959,1.5919218782939115,81.27663586450558,9.973915189453752,60.785529148847125,35.357420106174175,19.297103905046853,25.995973266940553,67.01868115719174,56.45726571355788
sample_26,84.8796518696922,2.895822558954242,11.913378728789315,94.28683181555218,44.24261441381723,13.652746978935903,90.8458306835777,94.62646810358012,81.57836212517954,36.18104186289114,5.064267315706584,33.318885999674876,77.19639211679275,35.937098408675226,45.40842807249758,77.646423882063,55.99152393828455,90.20996132650076,77.44479129057375,60.76147085809459,92.17857791626164,26.90349829956562,23.82311649547009,5.943971327998154,68.44505653575814,33.44047371364057,2.694005540361155,87.02124653314446,36.15977536387095,21.032355955589566,91.92897262335518,13.867986317035264,26.407960048797584,69.51077282297805,46.42323732701743,1.8818784827430046,74.170199555579,86.3641669950594,53.06493013227058,34.64731155746018,21.11682016364823,16.087176589010344,45.88772979964243,52.025529702153186,84.11540727176246,29.89353102442317,60.15364291842643,8.091935915322123,56.48802534115872,8.029814333690744
sample_27,8.479737512951102,3.105775750580153,73.7167713983445,7.173056566370539,27.15720558685806,75.65220774636148,7.887655800156546,55.89449078282447,81.37699024055077,89.68059192971639,76.46891178684886,78.10164871636557,49.47393525425663,46.73228047978103,91.40868308061557,41.57510076670965,65.53934418384443,15.194276399659866,21.968764668020857,92.90811266080536,78.15550247720083,61.00595444919733,19.148536473918377,90.41889856668632,25.80330994450738,20.858564495590638,22.989175365640037,93.14042594985692,92.04625329327968,67.59268072532977,10.385895234193853,70.95841606047222,12.330729518105843,16.79531563115244,81.16888771985496,17.01711681219028,66.15186910219178,97.41588269710697,96.72495662701283,96.26695708969693,30.21757243832838,24.322845775371505,23.755414817328003,86.45622793040182,88.77437513917936,75.63741308672908,83.36388135526114,76.1126253426885,15.914400309201604,73.9519810120005
sample_28,6.833424451113879,13.445777764351307,92.06626509268162,24.741388652793937,96.17592276460188,7.28339646644709,72.7465219692134,74.44999245794534,76.20586381074499,17.637477921143407,21.27795211471798,99.61328314975368,68.73098731379243,83.77313468708203,37.806795827727555,11.962397774294276,34.17539575447815,53.47587752531401,28.750503246420635,94.93197677598968,55.62021704873469,98.77837880995993,81.8465115900449,76.55291645300751,34.80314281788208,58.978079356995686,36.31454115385686,77.16964342127459,12.859626244731137,47.33052158855333,3.9048379772577912,73.1095867330039,40.08103855584494,42.885490384430355,16.350693346534662,70.62573807155773,39.56958079422186,52.09945139767102,11.793084203997973,56.183591601115644,5.134992585668829,58.20769000829434,30.985719525849696,88.40511413745917,78.56038130517969,67.39197721240592,57.94776469181653,46.43415046629732,10.29901205196493,15.119707444167997
sample_29,27.84543971821043,55.34762643862271,23.7357189387996,29.761267414829874,23.882491601588253,1.8996825950195806,97.70950034521144,11.488213175338268,84.50814561133203,92.58566433189806,82.5436195300717,60.20787693394488,13.305108367128593,19.97433763127876,72.05571690867882,8.70225769197377,13.115744697573339,79.06610293730488,31.074992207694198,32.19412493239708,13.40484652183671,3.0198370311960376,78.34373204141899,71.64007400152707,92.36780752326726,52.380919741820364,12.042976243181347,43.63783508612966,64.36821855085556,1.775691808183244,45.158887133938805,9.88572499482231,42.21740843344194,52.74841057126718,53.999843091153345,3.3978070468001165,76.75277506930995,30.013283023955005,95.95472289606694,13.393024725865732,86.51791688540298,75.65687663188945,18.69248189954209,68.23031204437122,90.48851179228127,35.64801778909106,51.97516537045569,70.58501263667543,44.59769008698322,32.27919306930811
sample_30,32.13735935122084,53.75975359204056,68.33255521436693,43.49218517993375,71.60367592062377,23.032801542786785,63.7310335039855,33.19002901796841,47.528214872308475,1.2439674743284224,28.297620465920602,20.56057807151983,23.510823363323784,11.862706363471665,60.39733523558646,1.2830741869568008,48.72923510008032,74.6434357066016,54.445015068921144,77.97764966414711,68.58118063076635,95.82246258792921,84.25593505813548,23.76807972144901,25.438606552141284,23.591625962291175,29.89095461871838,32.970460242067325,84.63325257603148,23.040736016993822,72.97919532723448,40.37207557966216,36.49510855333352,94.98875661263261,7.722167522901557,17.92445042877795,86.71305431799951,74.87925163993243,85.41096478177343,33.114646286649105,84.71243579123227,40.85780705668911,31.958050852908894,57.288809239700775,95.60397728695843,14.85294918115958,16.52500563854524,68.23015045946033,21.741245107245444,43.478619362302126
sample_31,87.62662815423424,98.4396673823446,61.28438458147441,29.675379198838016,98.13081046078483,31.408496155241927,46.13888421709645,75.55803235839905,30.256923278922965,38.469821406946124,26.82555961345893,55.23662902225578,64.49417105283538,68.86380597883101,26.34570170143463,24.216267543772464,81.40168373552761,37.91582338983175,11.254005694221991,9.239644076867704,23.274118340657203,13.883188814838721,97.94598552448849,93.83042096148951,62.78004274881641,79.59758175489637,25.54029946094557,57.83138160091252,75.3543283522199,34.741499162557055,98.15481629391897,44.06061454964013,70.72216824763852,57.5999452158392,84.76280420858437,14.943718638588354,88.01173847763943,53.80539194138571,16.747470814481968,46.08616906404814,16.22585425858938,46.66171161807541,70.41820469751632,18.107612426694896,51.140704230743786,20.51159176071513,31.530956573147296,8.395092498683955,90.72493322456044,34.74331236179794
sample_32,70.27460678428511,95.56035610390704,28.654069882880172,76.99891386594275,58.44828237617807,73.83803772907976,88.35626648162011,78.37596218602103,80.77480404746089,69.61129777141639,18.255845415283478,8.920599578559296,81.93009188992143,36.44651850536673,69.87639170701469,26.05451437143318,79.13598809822491,7.7374351178699285,97.56859587987513,27.94890299793895,72.1405296941121,38.852878327994055,87.02346824703581,22.45176581338373,76.68648588514017,21.19056373437823,22.617381215386146,46.23006592402989,0.7781325915456327,75.21430794166709,15.32038192254167,92.03526911138175,20.897665661034893,23.436337710687116,70.04758134864922,2.9626206377578623,21.48391337761961,78.90471873733513,69.45598123312931,3.459027977322071,81.22671350084345,62.51523707763458,76.04596630309885,76.45780501421548,71.30110553413577,4.49326075081542,18.949041305981996,78.61314573604275,45.31674404343745,67.5240475332314
sample_33,12.383548170985858,55.52670016595628,49.92881017229378,68.33882830738354,4.294632937284327,26.652081318878007,40.173563477364446,63.71332860569395,98.6942659713069,89.83464069217676,98.08983576779522,6.932764895613963,6.807437766780355,72.1407532166992,46.04237883236638,20.12044824468291,19.117222149811617,33.402839773028916,67.57642773013237,17.04924077845935,63.86464347995702,87.05116160186357,94.1234529901558,18.214591675447412,77.52319041458139,89.94261861026774,41.50652104260612,72.88676124754707,34.17949223219425,71.81788642905764,12.214208481736943,55.35460526341273,67.84423665441972,74.55485429694679,22.158983665859154,44.3308150788816,19.50880228944173,91.86189380205731,59.41039629964451,66.96905263578982,30.74485612272737,27.712891897436787,0.5409202614373165,62.12464110918587,21.696081241522492,73.34790961263222,24.70296101127587,64.64684235599213,51.01299579680333,56.415851594430244
sample_34,44.351650995814815,24.461876223289437,57.95252693104332,21.156803150177506,62.17337395498285,63.592081999274875,2.8333863075560406,63.74384334268765,60.95677119568921,6.303867598870694,95.8276517890735,93.09799420925977,86.78357823046012,59.24974916179846,12.943248092181314,1.5314574749810905,12.54216447835892,63.73746636183205,99.2153962012926,96.69101652474411,96.83658654898906,68.316628047238,56.07236862596091,86.04956317320026,92.00888195717623,53.92206215295442,32.80632307685812,26.650743568093993,96.25757516452626,15.043443077589503,36.78332708046392,16.371169700832766,53.42495414175905,95.03900517958742,63.988570714131995,18.01760565181143,3.594621123077424,7.5853481959602505,69.48637640215635,81.72995438633355,84.80437509160167,77.03483292808451,0.27901615100720534,65.62540824200869,65.20765175804722,53.53686484740123,53.38322009545339,1.3928592763227776,52.03753747295533,98.8943089597483
sample_35,51.74258324340786,40.413197556031896,37.307947682932564,58.80395412546011,64.4819799482609,25.72863431223461,70.92079746947121,21.656342227486704,61.455882057440405,63.06397982739519,9.55933092146315,87.71388650876067,48.2697517919906,97.45228192806948,39.77851878440097,71.59580670768683,45.01491000923876,18.94207096494852,73.34124100588556,34.72929840931725,74.52408284400235,34.25204815087029,63.66468561704591,73.8182029400291,9.070861003135178,5.744473147454765,57.26384410017905,48.00774962447193,84.56457531156867,38.87013692935108,39.333843285849056,17.642078539818673,79.83240241153887,91.17657131559686,84.69928829718168,20.52314049272853,30.45966455325233,50.456250860338635,52.323070948566595,96.69619609314444,80.5483338419005,12.857279256771125,38.593021030218075,22.30802722058912,40.19016635281599,47.702667930014854,7.721854183608956,1.2033501883565445,48.62717561602913,30.21428263109329
sample_36,6.336478724822314,78.79200866668877,31.162541815268053,41.350963440954615,75.34509382306793,94.34549297871165,16.853630889739968,42.86861545903909,98.3073562630746,30.35104996541066,39.132904824229485,92.24835144048154,33.197419491399096,38.43610109498885,77.1414329425532,52.74991303232311,14.221749934597971,69.22913784871868,13.136487073045334,62.54326078059582,23.147022218506365,27.153690164594057,88.50863093155931,66.9779548374286,74.76060961484707,34.38796661556333,10.39633191475584,57.60143608971448,43.38489582232694,3.336083035474069,14.093537794986123,84.27802969431323,88.46848253395272,83.29822331428139,60.42935981511135,38.896228375873385,51.39365079955491,65.46596866491993,64.40091261625498,36.90460457760558,74.8180940638447,80.0657907094671,57.5960378937308,8.867824408059455,1.6256032171556578,18.610458478564006,58.23223086015928,98.41516119688673,68.6342173627219,2.3361315243128455
sample_37,49.25891122825404,57.41119625554298,23.241826938137145,46.00444581710563,51.86685217087641,75.44843131787067,22.015719946553723,35.68949800013531,0.8084244852362588,18.42901729236326,57.87531131570623,76.34510982994694,10.776921724995647,13.22143848428402,97.28705247514196,45.373408467044676,55.85554493305096,89.26232055680015,90.64999479845045,80.52227928559583,25.612984487929435,44.208352432441025,87.54031871220707,91.93602820920597,11.204047341904621,41.880774793317734,13.855033373505998,22.072792794610464,67.21764672566863,17.958672184263758,56.98672921654953,46.200640500534604,12.745125849961447,95.16018718129259,93.07532653630048,40.91907372453265,32.20666468890654,45.31628772989388,67.91475342648397,6.085418398909193,73.90328982003544,51.410210237108664,91.02073144539494,50.52284478665862,10.328632547408588,35.45662396171705,29.907667363735158,58.500666535661836,15.791672129151147,86.49897728112548
sample_38,41.130235961613316,2.2503891173807133,87.21579655478226,48.13935474101061,93.10541771100428,41.474020742853725,65.17798741633129,29.60271933950558,62.06522247944385,88.58759914117906,23.596485489680607,76.44888126111742,61.64359270222556,31.755192770591446,1.1514730357884195,76.19199511407554,59.95557227439399,70.41522017158319,7.9553056766403785,61.394074227672114,4.114280480758525,55.47837948580672,83.14038022997124,11.608884449005885,13.276890203892556,16.180016596345016,27.817904154996665,65.11996150515341,7.511226596962461,97.05795400948237,65.6284057974473,70.49021926630759,62.05078826528004,57.82613767507561,3.9412623164343352,25.337734082048947,8.661193925724264,41.593236578984225,38.251154059574624,44.67350264429369,57.66207987255042,1.0416128479668219,65.4899296241661,97.15010353403714,49.15972980237171,41.4650573545774,47.637351979761945,68.7200361838138,36.72667301249086,91.43017305958004
sample_39,5.569486709819948,4.945633894162227,39.13354282854182,38.19709840234612,12.60938326032559,30.012284293393254,39.54832030572194,52.88136007812905,29.17261328575259,97.16491747286422,31.505282204741636,34.19818300924932,56.39099696617985,41.650850673825026,82.25807581462827,14.645175461018656,3.972847340614716,53.3493420645699,80.14529092875419,93.71674339135157,9.118096280318532,97.73869676871854,11.673110097843775,57.26733170730212,78.66627152621972,31.891146598115284,48.35169748370844,16.474643878403338,39.04976211980519,40.02900637196903,26.676090472974845,6.737201128557557,90.96361189241162,80.11935982246324,66.51873829574599,51.44076016262754,82.57115331940105,25.191495154017872,29.22198192765082,94.82206781792654,80.0406159900043,72.20331521365544,18.82737412393215,35.01027076481047,89.82872492921022,34.713436416103875,1.566487018650231,83.72650684718627,3.7323055922771853,97.3434509428395
sample_40,72.96376146488443,36.018998728692864,98.06773129989898,85.21631595756307,60.68569672930882,10.591916337689034,81.38571710971236,47.959413783386104,9.801022572516649,45.68992033169227,95.33344924933772,94.72568014751674,10.659349967810405,57.86967994977553,85.7174131489956,69.295412018998,95.32731122295371,22.816891075424593,45.524659310784955,18.015059884733077,73.77415763720262,0.4691643143958979,9.277253760982108,89.94697073677285,45.715514699761464,34.16046819950992,73.00596261849616,9.614710995123643,47.8863960751515,99.25232720598099,86.38040737229798,0.05159877310652039,63.602329831525125,48.709543956656155,48.732786922971215,77.69133135288224,48.662058486501046,38.66488443643097,75.33127935647795,44.4600121377236,76.08329500221625,6.388434310975422,18.675496703947946,93.54734175925492,22.640552203059794,95.56232028346999,70.04430413294784,24.617772712955997,93.25178731403273,53.96122507209837
sample_41,30.110831284380836,54.04278241400709,32.976999115563046,58.61802464027619,35.3279447406363,70.19232617416242,54.378800321477826,92.11548213517086,75.41867067329451,9.940468932385171,66.51532750335983,21.903175509278416,32.844589228874135,14.885677358706396,51.63872625836945,63.01612171697729,94.62117883870013,48.59957134308236,89.48211175564336,97.95163540762533,54.3384008244245,86.95604554824898,0.6903665509543577,24.12117190820452,85.96795902487415,85.16622238728831,49.281318884232306,85.75191347475516,82.85663616552466,62.538246259691256,14.361737539621211,86.0164633398493,32.2081425302572,53.8001063146173,99.06566918670846,0.6895710729928894,80.17508685490735,49.271860798405555,14.345813168853915,34.82272060277427,41.56909196123147,53.96957554886942,30.316999968525337,50.02592080751881,34.615424944228664,75.14671008436193,55.904895462187156,82.67526086012059,5.659453550951355,22.998497689540052
sample_42,15.611044372392902,92.22381552121035,47.59499836839149,76.68262634311624,84.12769937713668,5.090050599075835,15.479589516941738,27.4047245150153,97.16234532382374,30.170168116390293,5.862752588180731,90.6511376764978,79.91997377941999,88.64793283585541,91.08975243628502,23.164358604675428,63.022637228801415,80.3744419629961,59.76850494193005,86.71887627479096,26.672641174743315,96.57476527264424,66.66281675588291,92.37140592773825,71.16598716096968,11.01561340914663,20.18437904251883,14.5748867426706,89.82178947484442,35.24308034874504,78.34764517719152,56.6224339069504,28.18484387261071,71.33728763845876,35.636190981572454,74.68658459787589,94.15817449197455,62.8301621442133,29.992846191542643,79.62373994103633,24.877213159590628,22.218915486428248,18.811831772812237,18.610788216254214,8.71761644604555,10.1619541093123,40.70157658606794,23.059599645406482,40.05719268333595,38.523901637660195
sample_43,30.8976669608649,62.92621858173679,64.27494202432779,2.199185677890103,70.04068089916909,30.395150907022817,68.42846825896873,50.47874566953298,99.83532808313393,64.03246350528875,13.944561044716242,20.772605906558017,24.27880281221234,64.374301965496,77.2442603163181,86.95138911761546,8.189140717603893,66.8928455500164,88.61237059210916,75.48382941165318,59.397531150448266,14.744673043447499,47.359087667982834,16.031962257222922,49.204103437121645,95.06122428054023,68.67199058796236,60.336207687082855,58.387351101543686,34.11479832777259,92.76443847838726,9.751020768484175,94.99711174928184,67.98020367074182,64.51901428913317,77.20199617232308,11.528522291447874,47.167090792058765,6.292857391903506,8.736969779161507,36.03324141857939,54.65545545500492,27.817159087962818,99.39862457661219,6.0206230579017745,49.739138747095524,12.511821985089478,46.838403851274755,64.90517934976415,20.35388048039669
sample_44,0.029150544034628467,52.32801467582868,34.413756440362995,79.71889015340102,64.11289130150823,4.882266352401721,49.37023953514683,39.66164456127868,64.56226278814356,65.67683659556684,50.35590332675546,96.78469688557541,55.651461703413375,31.863211874516416,18.449723719480225,27.168121001156955,49.78551307253131,42.78062089119318,6.5752025876578575,87.81982235491625,27.081202111657554,92.95803068968839,26.091023172430884,18.236699462193272,86.93931434360029,81.42146961833409,49.596339406442866,2.8130746008851015,83.68052021853293,4.096398502347998,38.31475702766088,95.08532895507216,97.70887978529669,76.0325537319147,51.01744718320865,83.05844815025077,12.888158588446197,36.24586954546397,9.378863406025317,52.07545499725559,44.19083723156467,96.45983177168985,37.65524564673376,68.07737979641219,74.93334903269677,23.914651024782195,31.060397894739268,61.02582548203818,10.587281594386265,84.99661321404228
sample_45,55.43358574732265,19.736775406079587,50.76836468558415,67.02679312492886,27.0752782287474,99.67787887828284,46.671181755604266,67.56531120068603,43.35124764976176,92.07003438587701,81.44918053627663,86.84325786871709,24.0100897694968,5.315862213846834,22.900058207434082,4.847924041912643,6.958485025403838,70.05847361972253,99.72146711974717,83.25958936313567,51.876909247186155,36.98362904625344,33.34880279311028,36.20601874892885,31.866354959654696,59.11170439914568,47.7372208201821,71.01583721359275,69.58514947499553,5.048137893189908,13.955040265644769,12.7903359760979,35.08611445289493,86.39364078272027,41.62773733280648,52.24402439246478,62.41596521695602,9.241986497858957,73.6474857109196,79.27943301565541,79.0605975635596,75.25146756196834,17.166936841042567,32.43036189542848,71.17334220382158,23.72459856939638,9.296410823163082,96.44980322553819,65.97087522940126,15.210065789844107
sample_46,88.38650303216909,77.21189599978285,38.98509693583957,40.21742405115406,36.58631542576853,98.2901886790129,39.31446397446222,7.897675628798528,55.3322966433816,48.92261547320851,6.323872075698878,83.10886475718343,69.26914416108522,34.142321181033196,14.675517033907425,99.18955730001842,57.695878331179465,97.89569021960637,85.57984012016077,17.552968409345095,39.942799628118955,78.58893531166868,59.235166589744004,97.08072241590115,95.60473698461087,33.991390840460475,88.43293443677004,48.438989236891274,70.20027538754033,17.563143800924518,87.88633639436215,85.69946793710916,36.14476799814651,5.7744717537221435,13.909289207921926,3.3980423523383596,95.91148793863466,45.43249102430038,95.8192191924705,53.623103915595905,17.27427119050555,61.23493650765218,52.99953838535273,65.39563362554036,71.30700510867771,84.91216427138349,52.0478383980485,48.35133590157834,8.28110452637053,0.5195008142965696
sample_47,20.287716278089896,45.44740039288252,85.1634711152766,26.418751511505445,10.315097236941318,28.633215580264526,97.02947375080284,28.72488356532279,83.17380230005017,57.694103485871096,28.670089457041936,91.51583885999133,58.515765329573156,58.02964533616323,28.330821943099117,49.958023317443626,72.76100138086736,62.601809217901724,85.89465471531179,36.35458509140881,19.226785356619214,98.14509474889329,90.91546103507656,23.32178497054006,14.165138196181793,68.63833767478124,85.41576221191501,18.222407583959367,58.689311950976794,53.67441774414894,25.19059504768152,24.46266058037484,35.627255437556684,71.02226538084957,19.92529602244555,34.0759111943835,81.8303813857714,4.285267899709733,52.713221642875155,43.907836841343496,21.805308026496462,58.319456791485145,35.47980115300052,14.57267600488893,19.831640663888727,47.88581273382858,21.052163848266293,95.48718723089239,20.700029514622788,82.82155271216097
sample_48,38.14007141187443,18.49654649530803,44.25713243890353,2.847575717121209,16.36106562409061,0.035334873866921246,24.58822959248326,72.6356267576971,19.948506052953718,67.94062610288594,4.609266826751424,63.29595198175476,90.42495267546393,92.93512599583082,16.60270063088246,84.90894048320018,21.24211975578255,69.03343274136884,13.983974189594273,15.61912423676375,96.83664943511788,81.24972830229437,51.273944652766225,89.32061723933485,52.88488929748354,55.10825763797571,60.39022816992454,1.443210886607138,27.899993091578967,64.10577231661134,6.224351593719668,67.105844752553,64.9142441920438,83.22018606136172,95.4088231313781,84.3316423134289,67.81117317463405,36.20725652333775,49.11217416085889,85.98886790145477,11.71009404681449,89.24042735078645,28.767664736675215,59.63515735771415,94.67372624944433,82.38864262579374,22.651794492274448,19.92300549136918,31.04946382017133,70.90628367672909
sample_49,80.24560680260606,16.280491787356443,39.09327148484644,30.585682388404955,11.193140121272894,76.46782551504879,22.946208029652215,18.132121588343132,45.484887304816525,85.02342204262798,59.48924190812426,6.602988583619207,91.44096482619541,77.98687630502799,10.949203044875178,0.8134340057669776,39.785735638459165,20.031176759864334,67.8787563888907,84.85615057138052,38.290570202435035,69.82120911757193,6.188791265346927,94.58443572803313,29.19863509995335,49.854711593003856,34.483487208468375,74.13896627677596,83.69276578441315,71.68962665362022,39.21864022581263,46.08726299794316,88.84143060920624,88.07910540392632,79.73195560222119,33.890223399666816,97.17623558685453,1.2057426894508838,54.062914687431906,65.70846637837435,35.80954570703988,40.96773876100415,93.84500463324545,25.62201010722006,13.674919971334788,74.69404569982892,30.036154935003644,64.94630138357196,22.877782681750446,32.33906918536287
sample_50,34.00808853123315,26.568270722682087,3.0881358962744354,0.1955448456892439,78.39081164496574,18.42401594850952,93.39469994941113,8.225999580105647,90.34656056983343,39.03426431457107,38.18857578720143,54.70793516292961,91.60558185475625,19.10372051479601,16.05128788563509,46.01970071540219,88.34600128976315,65.82954886626993,96.73410212929717,86.45054318540664,25.44352715332544,63.73281306955329,64.0174098784981,33.77566574657257,9.80923636464036,42.49831364351855,0.009042925011637504,56.5784646121631,84.32173045924274,30.617592616580282,1.8493471905402292,77.1950335313423,95.97719029055204,14.983972740331286,96.21661894020991,35.59724146906734,45.95670458049547,13.85163098753479,30.900278853115747,49.75896707949072,37.97130524437572,85.99115111369564,31.680655862365537,68.1272435610557,49.06244601655384,35.32845714913949,89.23385407401253,52.82605297125955,64.08755689246134,95.45922344595694
sample_51,57.6683208935582,15.185235945870158,60.85665794700875,73.99501915734687,17.178680033189796,29.200576700806824,5.175086821375963,52.42348657490204,32.01019073512165,4.170246471259354,19.7443493230103,66.73236737309975,21.235984294980813,34.18454016786877,23.14084907937556,63.30695601599484,44.782038212200426,47.140511283443566,14.562140284507697,88.51240096807885,14.647011919175867,21.73651906386509,36.552431078262316,12.88523244736578,75.03231662102915,51.14297845443836,66.09834661187818,7.309545654911065,14.690534173070358,99.73521354529096,42.704841571869245,99.57207493180374,50.639229884546566,7.76181016646037,22.77822541333524,83.42217555685579,98.37557713451639,63.66943646919285,88.15001638421366,37.716147813243374,64.61153810964841,27.67633644911418,77.21607164367302,57.95292366821112,43.46972624228129,13.71478501495238,31.197686001969938,11.785677703054276,21.515625689952756,62.17490568537117
sample_52,26.78733514135436,42.78855619457601,82.79346264328657,47.386448083326,76.69270420543789,1.9644189219143238,28.573884121164063,64.36787452397895,56.31894340351585,29.7359892826076,95.15979597700908,18.65049038916081,58.34983775658888,36.92926748183546,0.48284619962344344,19.992342661062533,87.85443615100901,45.425200650923614,95.12791193412765,17.311088604142277,29.62234914753332,82.1913764098088,7.469014466680191,65.55319324567228,24.86130254337744,65.39074799475992,75.70747762353957,80.60403686848346,76.8190964200174,86.11234944647154,89.87458374928188,64.40057231925593,23.422185953885432,93.52140880071919,35.84641369747628,62.306937075660414,95.21121187334826,95.35480884306058,45.748232989274285,46.101727101182874,58.956487983507444,32.049178136749056,7.943406721612245,26.686984942748072,72.87004405786456,20.43023673724276,97.26063243598956,54.73794631282325,79.42749076227723,77.81027822655943
sample_53,78.05085214752442,33.73967366807488,96.94360095551629,11.795649756741733,50.61236810330981,74.03892023457334,29.921237033277002,22.977919250947252,55.568426154204765,46.42911302391052,79.55239431674244,56.06569936737925,81.28603662375546,18.858999848640977,19.990395321068466,82.5611579642417,8.840668530593188,88.56022540156107,2.051558031655787,27.840346677698935,66.25840723361716,0.21575019832512643,53.8454298699612,40.85292284735963,28.463332931845574,9.342863733526386,79.62970680258405,4.1191190993486115,87.19394450071633,42.05796512809364,13.445089922427888,88.20984418301785,47.41012203149466,45.97183624848039,16.304017424737793,79.59720897064567,79.08083821218268,32.062312096284785,35.65497546573291,43.92559157219096,30.477323115691625,96.3473952317012,46.29315106811198,2.3348263448722206,48.80840016232114,43.16505754879137,91.4152135912916,71.78630593204257,59.17424008652637,63.45230580868093
sample_54,38.18510992556688,54.38855027276617,36.1268325174298,48.430634408579174,56.76539740361692,42.723033509575245,22.502094789492443,13.464645567009903,81.22405972244711,39.90063698336292,50.6855006159107,21.52888892185213,42.13264916684072,7.182509932652881,48.55289219822415,9.781487980466641,4.864079543966449,86.53512784236386,7.058051484236594,42.30400747585203,61.480354750474,91.68693402719555,74.133238113927,75.11467192769761,40.89234868187703,7.51318336994361,58.93814380650465,61.112688307120635,55.88425488124287,28.28216499536156,0.4906080585701855,5.365007372363372,54.37010821240561,63.69356111668134,48.99821623799002,75.09805206991831,36.679349733253616,10.374265431493813,34.04839224097852,37.956866412336424,46.500779056592165,68.14472916824931,45.41609415774034,9.465895142313707,2.853621051334354,90.72293671329246,29.69613421561441,12.123429584033563,97.39019203136525,49.38029375005703
sample_55,41.14424790368536,11.253978987334323,26.441294950238216,71.19252541198657,31.158656192087463,60.805291859979796,44.15765218778179,49.52283672668455,88.34057110414942,34.41979772974402,30.49412317984832,35.15927469454604,94.65548038380265,98.01511463342408,62.40228945403994,69.08358056683501,5.409228379343379,38.706340877449065,45.794507050114895,11.503042558281319,60.836909781130686,62.17666613654082,51.405178524268614,55.43149062329961,95.85928575708276,54.46802145780275,81.9365541081167,79.16175404904321,80.00201839698744,44.40368620900487,18.278502619423563,84.21187052899603,75.16905766145754,37.22787106337918,27.646316449004072,71.74761593886497,3.4626605475705396,42.17117162691617,4.82992426336406,80.81919948370117,90.64253358875574,52.615553658544165,87.17003681231496,23.43048939074891,54.3329442069699,23.589529243559536,95.46669951307916,34.60698820334201,99.8279697295985,15.119865876230843
sample_56,42.24065678203831,43.524362515992976,94.49892590703762,83.86410134947042,5.00213274759338,37.996044952122766,1.7504532700585274,94.31451864725776,91.0233337826634,32.78283423684554,19.635870307494162,88.85811124748598,78.59411467026428,98.72601607916154,76.1628924762707,11.502231826450803,74.52531501984204,20.618554541749347,84.65134360831563,78.1408748417227,69.94455986935722,14.557786261126438,76.3911525892611,14.66743244842209,38.0350542475975,9.473244291483995,70.65242446164046,15.304223180087984,62.30837874290812,26.676499744334404,17.323002951594514,62.19427698909605,42.67734158470395,73.68788517168804,43.31855539828386,29.78232252441727,51.048322915185715,74.24951535881029,83.17774706332432,59.257061975443804,76.56574944538536,38.754604626605435,91.474909358618,26.32832058255672,80.08706081168414,22.017281049710434,72.71459368556211,80.9548950444007,29.293827196576274,86.35713699421636
sample_57,55.468867461648976,97.27522227736004,93.86576622175534,89.77050903948938,88.47571881453663,4.644110207576723,98.77609845920338,90.55343778884816,87.26060299146488,84.0646476861759,71.86875524533544,44.55938824225532,61.436797791726384,88.20063285359079,60.979551770784255,91.24718039378604,86.13441999922603,36.23163118147807,41.18354152647714,87.13309752146469,53.72632833662514,1.160316832627073,1.6645963235542793,13.971522531204572,2.3571852753678013,10.243665465160545,14.516749422382391,68.09902298939802,19.43825920049035,0.07301366936535159,17.059495688602468,92.9611114912635,42.02925501996895,44.289480284169635,40.34721614375043,7.2481455998078985,76.63741744434466,66.49493549243037,84.5442902402058,8.487980819581242,35.459707823303056,64.44326307414798,36.674870266916884,55.99440571847635,88.80916631930891,27.496433828107392,47.5351201490077,78.9487888841373,78.4650105430219,31.581563846892237
sample_58,24.08125896160753,49.42267196564971,45.517204348665985,9.7180292906204,16.443005708502856,86.20832027838887,64.48329021242438,4.845569723462528,87.729652406675,75.36312430007372,82.40634520878758,80.4783676199104,90.57112553579695,40.965837621547905,30.276039370669316,65.94510252219636,75.57808644942206,16.34563644257473,4.492282611843635,36.89672207796768,48.02393205989157,74.67132343505163,77.79444918597981,19.108321114323,73.14294819225827,36.64874834853954,45.043361095828104,47.14430036957524,76.63742975990557,42.20364541755271,11.018640073389395,68.57551125811062,59.98071090174443,0.8345575310680253,34.49055800410503,70.31387921943241,0.20215423747500516,7.905170869482259,81.95065815870232,37.43510414485419,80.33784522642968,50.82134997121035,25.752448443695975,8.822323343612059,89.04493385141186,22.224544039912065,92.75030805738115,86.01366202307378,86.51891022048626,61.9007110077043
sample_59,15.410228486008338,24.112131208282626,63.04419441888566,43.93125233102025,23.85275823959563,31.401924066178466,15.841529510274322,3.387770176954963,99.88488794868509,60.74150620376367,72.12459827273926,17.96058205483305,80.2038066969788,78.73672821359573,90.02224230872199,85.2809325539583,35.26732206418177,84.68912670514983,87.28986075806993,73.68061740197336,11.437200198477903,84.74244444812446,72.72819858651567,88.77295596655266,56.743722026139444,6.130195769072544,58.723565493390225,91.67780573588063,9.492715371851224,43.24811274890386,17.379862564877126,40.17347171648762,25.53443099818542,27.643141383920323,9.085081143410022,24.487520285501617,94.16415330545689,55.31148530909979,93.40783395845267,94.97684644039043,1.3914992596336995,82.92971406549294,47.86749216369075,84.11262905067973,68.80054664108414,5.364443316259948,46.65678344799431,42.45291367854569,91.49129179764428,37.11561247041095
sample_60,9.94326031152607,80.31491245474925,82.93257147863767,9.193796958829914,17.034002419607752,27.58159340074752,10.84210898956589,69.82886988957135,72.61842349586487,3.0029047607151305,23.974967860897767,54.293339481450666,81.21047181422985,49.38432093013395,23.571896332540966,87.91036803965476,41.54556095255179,92.12703333511448,90.14226874727873,72.83771915062668,35.89739937535008,29.65083960396595,89.64483080507138,59.54216655164175,8.629504354060657,84.89045677453643,70.34542642521974,21.0575894113327,67.53730978638092,77.56440339090803,99.25371942479224,46.59720371550047,44.52888217788728,81.61847579876599,71.63892468879627,82.82489966516927,13.862127495329467,9.83498423155612,44.3303275613131,94.37776771929897,17.357341827602525,17.281838819043884,8.724663295174317,31.304149420269777,69.20095936498852,57.29434596242956,47.342010314648384,96.59723859256924,17.115766789189436,80.84435836151222
sample_61,61.275859273140455,66.51878169299039,0.6354616762056176,89.14076842613329,31.421781684991668,52.95287042814279,73.22007014856248,52.58047152359621,90.45263490166452,47.605751021510144,27.035562317584084,31.564953516688366,37.29481228086632,45.032400992638955,9.592315942808426,65.25315251052972,19.23644272478704,26.364915504934004,70.87410479404204,11.743721301530119,69.33266802676417,77.14483627964223,54.026983167434416,55.19878871821402,6.5910968877153975,92.54645242093602,80.20246346026173,53.383132079901365,78.23364957673485,84.37082676096864,31.513206347176858,30.120809554877447,92.50337626244146,80.85448858674354,51.40770353490803,88.00148009541776,78.12322740716557,39.74521279575026,64.10561511609968,17.753952112084548,87.41471266954244,22.374686630125762,39.06894727213584,68.55168241526152,47.926859449891325,29.65615349541706,6.033749864357052,8.396220083436678,59.200577611867104,18.454326529316955
sample_62,72.38308584290844,15.896842070446448,7.614474069427557,61.38542245685088,16.77002448975434,0.36854933869980844,47.77632802656083,19.217740018940678,51.66313389106462,35.853621985960494,38.18479107160299,46.8463995029594,64.58301579427484,26.20501072035397,34.47382042502862,53.214575557274934,13.218852642711742,13.884966812859345,89.47266069803688,30.863541737966273,63.900623053195005,84.93715613092616,22.398300763295808,97.73682695642634,87.48061081742519,70.23111863198793,32.71038625998428,88.50522361666083,14.519353307862348,38.55807700294004,49.6172286316907,56.92636518272566,26.349759323744205,73.96057811061691,60.76542954040781,70.0216787931995,10.696676787990489,81.05318352797802,33.893060826498974,61.61756084910307,18.626193826273873,77.79844223422252,0.6965194312428591,76.49975900738714,49.660774109099584,86.13226032497434,51.483270481558755,99.11101927530937,14.795053341481236,11.213327063382582
sample_63,1.6308546138611324,39.55198538750104,80.21212863340101,78.55849136521493,36.13217184429098,47.552970689852934,21.095106167868195,52.24447925378689,31.01356491029197,47.341935920349506,38.706690956401545,71.32945199584952,29.117008781498487,45.1622785007051,22.482502765874113,86.51606670145196,23.74170355503121,66.05346249454347,35.17776825957846,9.870552498775641,40.42101378932467,64.57428388090861,51.239709878724014,66.04571229276826,14.248181755385792,88.82225912327169,53.58148756729745,85.54014726160942,67.52237656260137,95.36863591049865,17.388210718542307,48.03046903387879,86.99709538913409,20.126527553098395,92.16675286677852,78.4409799847277,86.56008655561028,5.06668301449027,53.61669692557617,72.13675111063469,59.17576806815045,91.44118468094787,19.363973843822702,49.34208248154949,66.99043386896984,5.951514558057591,87.883478758371,95.25150129225213,79.33783248538,91.30002497159526
sample_64,73.80859230245962,35.944044121500795,73.68172152109764,94.14903594656765,64.52723223370742,68.70944965634577,20.816663343334696,28.63102309107035,16.46333229688598,97.20095682276674,81.52429189150851,63.80483591304913,0.6329673500147348,39.19244977726301,27.593835822648316,45.752968620670906,64.85571116921153,41.465637967929005,36.58047111490035,17.145283210099382,68.84304587859307,56.12323067795136,59.75718915800423,4.448164674621857,27.346828467913554,85.14686807496071,72.97771958068965,85.30174633166786,18.49913856538372,2.99616849226112,78.11705618456406,26.04292361511913,38.844507548674336,50.11852311157426,55.194847068116104,37.77939501172298,98.334038534767,62.46152842915951,88.84962931929546,47.24830500490083,81.98402479839439,58.81801925612717,82.80920311013624,15.753219818643627,25.794256718820208,16.83081434660122,82.60624484022733,35.08490884975728,38.89120267708758,19.774089334904865
sample_65,47.522086553908274,39.43998411549383,96.6993453975753,36.515627871152404,67.59040547666014,94.59532346290031,76.72974526155676,1.0388826057471268,83.71254930498682,70.51528679792035,43.73353650593379,54.310160523703445,95.98612928160185,76.50248959579906,65.83315058559135,71.32840243544503,76.69721364649278,94.88284765827757,29.36148361857135,36.52066117811531,28.659283385430577,92.7996537215835,17.420926738937915,3.2068106179153566,34.99208749566424,31.9622550529878,95.41121130728689,31.7884339983221,9.943114445317736,86.06995201932722,25.849580592558553,70.93923536554593,25.72431125636687,49.260273720437795,2.8668546669964767,36.03262717107947,17.92289964550423,53.645791353869676,85.78046130261538,26.279777062493103,99.34040217446918,81.48290353899007,3.2999544582992923,9.135983926654934,27.08029672290686,82.45621794245235,22.3744057784802,51.90262077206127,68.7936493251934,20.298584330469115
sample_66,35.65383904638748,13.802747860414598,44.643937735715554,39.96708948100473,78.99738417281922,87.55042877490979,15.75721027887278,46.362887465561165,65.13820767291499,94.80480945438813,64.41324713520879,75.56910256671422,13.866501355122518,22.561363356405984,47.096553281093755,72.2487017395934,93.44025588116686,13.534397809167686,69.54606283245496,14.096865830136252,4.007786391450074,57.14706202421749,0.5057527814787854,47.95513702594303,6.281458786235284,32.1370691696956,71.13171348308568,78.66642097122124,64.43251147481827,31.98700484394753,49.49450544106878,54.31962045947415,89.21646565292917,47.87129469631996,22.648751247739362,69.1316758041622,29.205380239598977,57.90062525629237,0.006530225928613742,64.04662359481573,55.73529650296376,80.77217465580065,51.22017226591894,28.429350679619315,62.935447947990696,78.01080620173046,39.15730790547315,81.22814427672797,15.713441048438792,6.451586400270992
sample_67,20.52312867560886,51.27948077254755,24.755087906075257,41.77150771063213,95.74408812012078,12.434952127725573,13.920206868864204,66.59052809143222,20.105185746580833,13.228232634935866,22.70249951443928,38.895786402334984,37.59126259117993,54.490501582190646,78.2860333229992,88.9129346542234,4.57951590250909,25.469214003438033,22.673134830998563,87.39773129238787,37.45401560028996,44.68164912313662,79.2107423002022,61.25383001589273,40.76851699661324,6.415066072382047,95.26037552971911,35.039679814514656,33.05863888694527,27.437088560993715,40.27468540158918,9.488936882482868,43.241598460260136,25.883535083219144,60.8952334927242,66.84296812001317,73.5399288805598,45.14996131269552,92.77282002972416,4.0102606295691405,29.033604675686842,19.63810623495531,94.5019953883259,63.62173245365238,67.12418242310015,42.43583121582745,46.073355619121116,67.71883519628386,98.80515176397012,29.915574532127962
sample_68,15.137137429174397,69.2703854747147,6.9640700458278415,41.82500416764646,83.30386811921325,81.89633757499284,34.401704738636916,59.53851704555766,84.62053622824907,97.44132874744656,57.61639669707771,37.19613846619545,28.28653520444222,12.588337288594055,17.380189273075597,86.34163748369372,76.23711657804313,62.3692276209398,33.734077928181506,55.65214251319625,55.799347639602324,24.17369393043216,4.5540474482410165,25.167112214044895,26.085138987998736,16.039810243678787,61.470740334180476,1.7579975332391529,10.527888197360335,79.90081764768702,13.224846992585048,54.4732537847497,79.9508811795848,45.14509716858126,71.90303334041994,37.720105819006974,80.13663822622942,77.22321924340952,50.192981232235034,20.903208501267034,14.427741211453938,30.70367303483784,45.032111114811755,33.24866747819703,74.95099041524892,82.25582197660306,56.991881724476265,38.580137228577925,84.1643452560604,83.966511458897
sample_69,11.129792139706263,36.61128104046965,88.29795552826363,14.940464225201765,82.58304841161794,58.04735321588013,43.088630775474435,87.33030915475425,57.98194109015227,31.873249104050416,20.01274306408338,92.9846837076844,8.429662657861703,57.83673166820964,80.50537307043633,18.356249448662652,90.66414787258222,90.80231285760571,74.64126775868174,56.56066161849669,8.6058966782394,94.01775835564469,49.947339195706064,19.068485782556564,90.17723939050529,48.54820242508266,89.08670753452866,99.00234448630826,27.969872278246598,64.01101968522146,48.25894573608922,16.261578778900077,66.64094739391376,61.78420928749997,51.39791009055267,42.31786978305975,86.18795044570999,76.72382398439002,25.159400775845942,63.17552208649872,24.03904561612672,9.510118082601338,68.27153918893542,82.06839820720894,17.423259294835535,55.78135040037435,30.420934158127032,27.208847741817387,11.21727930110169,24.474521745029442
sample_70,45.7500984435408,62.181613161301854,98.44831591562905,85.98964085956567,18.893711848355522,18.70425869636776,24.628109629561102,34.594617007547114,65.4604266801847,20.106475723282824,84.31942402905774,53.63083391620365,52.93705114512039,36.433508717771964,17.048001534333324,85.68965009471236,32.67769543506714,21.247429787099893,54.412803823205756,66.16536908284394,45.281122295901035,73.94109743162129,67.73572919627145,42.131036315593974,9.461935306691572,68.96638559172627,43.41207094551104,42.4672892748726,53.78405903733038,79.65927314222921,79.1207576568236,14.589641287108702,65.30757893710408,28.786917911433775,39.794745492420525,38.55169763995724,26.416214503136747,5.6583657318146185,72.97877827249334,49.92054565047938,0.4021960928547119,12.246960339892343,61.9550413046575,99.28191307231575,16.51462968832641,83.84921647082419,62.91433100385617,25.21702135693088,33.75906416510433,20.351201577357514
sample_71,38.841083740821716,15.325323419312909,51.942901569432344,90.62568897997315,72.45786020900493,17.482607258721806,7.874594383475985,60.23940572886601,66.20157793403558,44.65037497771706,63.02103264193837,34.64399073854656,0.4334758132446659,37.54172495603177,53.06262871456456,41.83054631941251,98.88214158378338,19.93336105072816,39.26724336267671,18.14412764503829,11.969387370034013,28.52415925261368,93.82886360326587,68.81878398472263,63.35714256363929,70.55421476951528,84.83665444615008,49.6647172727881,86.16636411143269,4.932845234943251,24.823707571427754,39.35781590853761,59.05351637853419,83.47466035802519,40.60404671217993,27.53889987247642,76.54624580004602,60.609069616089485,61.69121851785172,68.0836857299633,78.1708549483661,5.140678470311877,79.00189532116111,7.184879191551586,91.45523475452536,6.800623149140073,81.28771760244459,20.457444163853566,89.11764760963615,28.820759013649464
sample_72,89.90511166106207,8.699186445239004,56.567508799967236,67.56483441596771,88.36512552369504,36.4079593747311,67.15469421317566,36.8810364742905,10.974333389138458,38.99515403027664,15.059615970126606,43.68871093631639,83.73017173857386,77.37513080821333,50.77238471997939,84.9801697161119,71.93499955351899,97.47824527325119,25.784549506274246,47.65711378067861,76.08008115738365,65.77938894670578,98.48912346060533,76.16350004559926,76.19574214475708,40.806479024702725,81.00358551448915,40.4664507990674,52.43823836872519,9.784233554787258,4.6961426471728736,64.74234064597056,6.7990893076370185,44.51000441986732,83.00528859580412,96.02264885317648,35.0241114434446,76.62123347096701,90.84404240663689,68.96280397480413,39.89406337841533,70.4564912585953,56.08131177906191,56.0320638295048,74.04174393346784,78.3133360395373,16.05630485105356,77.79338393227894,87.08062230723202,52.104215253648576
sample_73,30.731355146740434,47.72364920676401,65.97980902862518,47.70993739046596,88.27874826114378,57.98367535336082,12.692174160574387,67.76533850213944,5.9901308126041,38.584705758328106,40.271182647039524,72.32706182636845,7.785345531427534,33.85991148464868,88.4463375891194,87.83953840036857,40.8454345494911,34.638130750418725,57.7698940135077,74.3721699202233,3.0977764190042834,89.05041005638678,69.46129606163456,77.7481922413008,23.2551845518701,54.021034651443614,45.022453386014284,66.20005609358677,61.95055180556206,54.49982316046075,73.7015116605506,0.04131910514990622,49.07140643228451,12.987558246890163,9.277715138793585,16.499032500821244,15.591287092142936,2.677283679457132,25.344592919573316,42.52905038066643,14.767837210465162,50.583282046255185,47.54584838064888,33.428396017169135,8.075911974256522,48.190007969383075,67.12357680600701,44.44015464671743,23.493615585626525,74.94295347769634
sample_74,42.3526347363913,23.65017436470005,67.94114411644881,46.304606417081885,77.88862302233072,49.59731231310507,97.02248411292894,24.470229390124143,21.492174765513063,87.6142918845275,39.37496466522899,11.951895623477537,70.34192123739321,50.56411870017141,73.04783086800246,78.97231464313688,99.46235171384924,70.67501263405705,95.13080321974782,43.67341933923537,39.82705327173514,38.53283125233568,14.17229690211963,66.19978297026135,75.6296431195688,21.838557047492703,81.96081835761683,75.06284895167543,4.010578102874362,56.03772759726121,89.12358927778784,87.03260048622191,66.81321196185603,24.19685714856179,85.0011579590522,16.484120912086333,95.16514951582005,67.34425650291345,52.429062442772626,98.00929173217538,83.37059680070854,44.0970153104307,42.18230355805416,84.2161390724697,94.05344192216201,56.69453270950865,47.73596170888753,8.812243601434888,43.20766592795,89.00835456997508
sample_75,92.01344507874451,30.929533539042207,70.54957297584023,45.41245440656086,5.906479820533028,83.18945720100463,15.943608938443909,74.21991671838481,45.220176484572896,91.39843415268498,70.38327385098385,68.61353595534383,75.81623366919621,22.474007371939862,75.19766947941248,81.64342140750448,83.24386535354239,61.00890234144721,9.005105652908485,47.69810923393896,88.05027133139211,18.956858733268646,40.1407911038971,26.625842271952283,43.18243780826011,41.50296727689964,88.89646068253934,94.99417773827537,84.85371546679194,59.606425133692255,43.55582371772072,41.0062573518313,61.69523253385019,1.3916262731414886,98.59305023678463,3.882424095026893,4.561982629762806,47.78986565634844,14.321583082098567,33.54837691096863,1.1454934666353278,60.11659926190583,46.605938401732146,89.4145956775635,21.37463665448066,25.24821119860046,4.218065706736196,47.21325621856417,36.85060110014054,8.54393305002633
sample_76,29.04982409850779,4.371407021978191,44.784468721208356,64.27840977380801,66.82467771490111,67.21756641170337,15.943331010340279,15.14304353645224,2.6532708293779406,56.51564341612158,67.69723944410806,22.284448035453874,50.7522541290203,68.77602967393611,20.86421533069125,39.28118892276894,31.448804741196724,57.59725787214551,6.618835772515707,63.70769064697669,85.10938336109692,98.06769043532205,11.488484347341954,88.43332815040871,58.105161962588035,44.85098125106654,31.499543860698466,14.974447924007418,5.474091424796534,67.91207087371782,7.965494433296971,78.64402909830129,19.758109038526182,56.56838759641989,88.04314832860585,87.81226120685498,24.05412978771231,1.7135762278551625,90.74529265204896,86.75056227595266,84.4618440882641,98.15512224171388,30.349188887741242,30.65620815832768,39.47914413422509,65.85774567599996,98.74707245657552,30.900814933305455,96.38299262704209,32.48296110197655
sample_77,55.39453913274271,94.07210599701611,29.811625970026224,52.78697783918139,32.10909221839952,31.651430113500545,21.474160741999693,87.63281200851327,63.40228317930584,30.625173831890727,89.59366951126245,71.05869695835453,61.998401324399275,76.55769595234277,24.70163043996457,67.92475185336835,46.57070287815262,45.77531322290027,31.40974865393168,16.285680207221688,93.75146720894185,27.511969978698346,9.433170431729954,71.41198749353522,39.82101157365653,12.187859706155567,62.38237001508401,93.06520618445585,1.3826273130283506,60.21718795193463,7.901884506493206,13.174135224840256,6.94158202852404,77.1057287299748,77.05613516307172,58.521056885311985,54.97872193359778,26.632860408501124,71.06699115514634,53.59925989391654,39.82920666767627,74.69478568411444,65.72763705892662,3.4595187531198723,26.623026856699926,39.87966849631507,30.285442217524327,14.906914220095723,80.72185790392564,18.749503387097878
sample_78,19.159444463079723,57.956624274792325,18.416927150126018,36.60965254548392,48.05119928552912,30.838773467243076,75.88325160298052,27.226661978681545,52.97499002787029,67.87559753373624,82.21959432239215,4.438259651443732,13.536296848539742,10.851085561144746,72.04569947079102,25.845208033104004,87.08760138507279,53.8544347340285,80.29160692773965,24.805289873502247,23.749720245968064,75.48593950041324,25.622131072621656,14.069179227015827,84.43720115222254,67.52630567900678,53.526640282594364,86.24142427360037,80.32118283918777,71.3132134860065,39.04438588152187,52.42411021594074,51.64776825034816,93.09892973313823,82.42039882473117,63.16657075564315,56.216909532539205,7.414423874136366,45.102516201752664,65.8115549838484,80.50010229265936,25.206270890560166,65.49515040365304,64.81826039755526,10.673705210610828,41.67488357726297,52.39680751875431,41.562566717193874,42.18665544092806,67.82326725876165
sample_79,9.18868975068844,37.75948112162592,94.82528185794992,31.75752417196388,12.54911228711454,18.897496901065512,56.93245466231765,33.8172327154705,64.811230426365,5.981149941553731,78.51442521605347,64.51122880376576,14.392464031660523,61.396909800731414,93.66841319025556,93.43240480056264,78.38832216975726,12.790112645466145,37.47696515528857,1.9795327979363897,96.8976716829303,69.31557859754375,94.77961317449875,5.573484051628197,94.93557752677387,13.08451534475662,3.463582650092445,95.31865136106657,61.09936619304521,52.16482130437302,25.730833370881957,26.838852578952377,71.38900893478943,35.07516067125231,65.7588449572255,17.482177509595342,59.22891123829772,19.97559946345214,53.40606550273465,4.256540681147869,43.530237190473386,41.76201431736787,72.00163055209244,76.1009483663783,52.68818581236042,79.67507090442403,25.0688643025032,33.08112275481494,40.81771577346899,45.731492369423655
sample_80,27.984187546376848,4.014243321403388,51.17266067041803,4.908090581646984,90.34438379341884,15.122047006934947,50.6403558992851,58.494732699055064,61.52480839321299,72.182187227951,53.88550685851145,30.397300153842842,94.29094097467569,94.7610485214095,16.568798825263574,30.275253758900845,24.223098725471537,39.23732554892406,52.69806782813602,41.90151935925817,87.32335337923723,81.56323858759696,23.952379199198916,10.093472372378853,24.854609742261346,39.51012778268881,44.446602989311245,0.6856694798087704,93.10271391032342,46.14648492104417,42.80829688093463,47.298258444153106,77.47824996718123,10.481293954809445,37.38446615690367,23.56703636063715,84.38517947484384,12.057081813116,89.39293024901058,8.256530550253128,14.74378745946151,79.71306925031162,58.5032553059498,29.535872837167034,61.3085704158719,97.81833328269676,85.06059517102408,23.879612840781594,85.14633732629146,71.62803825107832
sample_81,29.716206248204603,47.42140741109977,98.53752025496199,65.88741226934248,59.37872421698239,67.52983178636137,69.42003404445654,70.14946253440708,47.86911329024891,27.767799169607986,52.7801123393218,15.528549714243134,54.7465794016602,82.65975512581427,83.51949649884352,96.92015927046597,98.42710298786771,34.77345147116466,47.47480354649086,49.658019523760785,48.21611662399617,95.93825224836343,32.52282809918833,45.93660439993265,82.37375195379568,25.704760578579446,11.625308529975587,55.43361495929,76.7515716750328,11.920102680267375,36.17742878819039,12.16279718474107,30.90750349708573,20.425363808912888,44.82458964924365,95.21949304517709,73.25181309192618,71.62140385462307,31.011306573823273,8.435914621731843,91.01298494300651,66.31882417354058,99.2813521846335,23.979112167865434,34.766080526878355,23.19488428447867,35.84034179389327,74.32105110334297,9.640260010996993,57.86647026740166
sample_82,35.08703877289685,77.9546959347156,30.61937251004577,29.591609402979955,18.46394395995822,1.8397427792866017,20.94681278416409,69.37853997259333,76.92135919650836,68.4983601330095,85.39801870795077,4.821314483160322,76.18131504802679,56.53766940439662,32.279917151658,73.73495502554674,45.071668410466756,63.197956802755414,68.34383009408259,87.07573158897482,40.04911623502865,83.30841083410881,11.763616477777084,38.20524090243123,87.61489169954879,84.24563455177909,4.288044731058527,24.367939246596983,61.42063499633365,21.3011649345249,78.27117843521324,32.38530398675788,34.919392501929146,34.410984311554195,28.236385675466234,6.76635588259863,84.9313844735424,56.4003052099638,17.722495424239114,65.29075913431595,49.01680150992066,54.85181847886452,82.21488121260438,83.28463677300533,97.02961181317482,77.94214273399488,31.248481447886967,96.99180033989498,72.06388862609938,25.735925424582152
sample_83,6.574480030585472,76.49528988007404,23.27575876171618,80.44179046601391,30.259708550861742,66.90507184410956,84.0385367431193,72.69247244476415,59.46614862726993,10.941047611309463,62.34210051311811,75.54263683778368,54.76185988850738,5.87166505727984,8.15315527964634,49.42912347206021,10.76007454982404,31.11591769726726,3.0371051210883238,8.099294444447402,50.69775728280387,70.61568207420406,74.57907027674821,11.200764161521592,36.864225814971896,69.83153293896633,44.19861898052441,25.666494503136626,94.27857279903239,6.310900951200315,96.39957235198004,58.716882896689256,56.34056505056445,2.0175864138919475,2.8174369315997816,95.17512975268446,33.46563453752079,78.27028396223461,14.773886786177371,58.1132110578638,96.96452950038625,53.15938857398862,55.34884635318059,51.75418313227135,12.671785893751375,10.55582790515739,46.441721810636636,77.70758283103117,6.501183931342281,15.543079863082331
sample_84,89.1171221956283,48.468397664228334,59.27704360938765,10.414106381111699,94.850890652754,86.6254715988736,88.48312478924875,9.248241594902073,35.37214053449759,73.75503587328566,66.5561991874985,48.32719822058549,25.98191426166934,82.77400375801179,48.481522897571715,67.96207136473711,55.29568706670936,27.98146936902006,13.371434526411463,73.5779843402258,88.98031880724302,41.950789015488574,40.449563530267106,58.62350905397948,68.36647290849497,85.98347103104314,43.54801118509407,22.323239014014508,3.480303144988517,84.26461303898517,49.836529410587524,18.206609033310095,29.721890028788213,62.31864359792018,57.48824954826538,53.069192840025515,20.687183524473994,75.68381738409188,96.48810602312867,89.15533547243788,50.25538891655973,43.936654035580304,84.80931799364346,90.93451708278201,40.39846022009238,93.2296875506868,94.17270748584836,46.81766223173361,85.60352577166725,13.143964015199483
sample_85,28.47991631907383,40.16360123578542,35.59394561980792,80.85710938552542,11.981888089119785,45.81878594135696,42.77658784499181,66.68197501353305,62.86896794311494,65.88627239970691,14.027415974734058,93.31859732964891,55.09851220292524,14.993112067123826,55.81405831430513,60.42032515802654,49.83773831637218,68.0022431235497,45.277353683816926,0.4176927715598411,82.5697092642149,80.83862514608651,6.521401118643089,49.85794959867247,17.847030361659243,83.59144266726469,79.67028817076181,57.99777174005105,34.834400959314685,0.2449120102485658,39.94962460183047,78.4809727754746,73.32226532586566,48.7653929567754,4.766567279717437,4.542660465298698,10.754277561122105,28.94374562735781,85.61071597441153,41.197289592383015,81.67059887542797,84.94950087582242,4.396513773529643,32.58293753134648,4.085002924861292,92.36106538501446,66.09738938488155,68.53781445786413,81.62855369243731,36.883288466438
sample_86,37.65317094719693,5.321494951348916,93.64622459278226,6.464950375751977,80.53812062255963,35.34663412105816,91.39047369664326,13.988835347976181,19.497944400243917,31.076736343287514,38.00360932891773,52.31116305830601,51.69476402788641,88.64033878724995,48.454128765627416,44.262533221370695,5.374788251544715,42.42486378310504,1.5242015860350566,42.281313865110285,41.598111437974275,38.249822954398795,41.207178875948955,19.642377387571376,23.56593580873828,1.4661854394301899,46.939396124971466,31.359003634595872,39.76305458428148,4.32676708701093,59.230377865624995,46.54626452944457,94.78216055656966,48.62104344105026,64.05608292433286,49.531952103681256,12.348606407217721,17.44797796608256,17.18291076070132,38.257112322248,84.54814115235197,23.699309722939788,43.292916104418175,83.92345246477366,68.32353525769335,1.5439745782701353,14.992392982779112,1.0790296014349332,52.02953352151171,63.744203272088775
sample_87,58.12688635880639,55.077478891413165,87.94294763260372,3.5662600613244444,34.16202542493496,97.0371792431606,93.5702063391712,8.456387407199717,85.49987221369345,71.77917412043509,93.66320364712128,42.8265595519725,33.94043555584112,5.667473486742114,71.13152274313154,54.39849485900095,28.953468404975634,48.60055752933788,83.73669876043184,58.90961748284638,65.8327148129896,17.519036600380154,2.124298150792525,35.119155961664696,67.05434693304801,7.617029876340753,7.790707515312412,66.80976540824783,19.03881436855921,48.63695018950956,54.765963240302526,82.15666607097221,46.68989825625748,40.87042410297121,61.05156499958105,21.95196012304227,39.36561472217351,62.28396301803068,70.91771916525181,79.37362075497066,51.30350355439758,34.879635678799744,9.804276882521478,50.360439220027445,8.79528267823525,26.694992147254837,7.8381756213006915,27.09757745730975,75.0368791316396,16.193916154644526
sample_88,80.02917050325853,58.06510188495736,37.38751807523764,87.77480531015946,93.81688774433569,84.1614588681119,54.08719901376655,42.7898019176917,77.76931465669085,49.095161947773946,51.74546114516374,4.721887311991035,71.3123201283136,71.49020183875842,4.475146282741804,66.96962819399467,3.3704182536352767,44.868585495238364,6.404506173979307,38.692278653271515,5.271592411497517,40.87220886902912,80.93210792609219,75.44732645349531,2.3103728081200314,45.728666919144544,66.0860579100209,53.24179689644741,70.68014601829663,9.956158614242995,28.044321220823242,67.04942012241662,54.2130539544406,79.10160840772086,99.33370744541787,3.1147434397609364,38.866402683595894,4.234030733503169,89.38568853931207,24.736088282848932,98.0372269975981,19.989006310049195,63.842880301098894,55.39096950486926,62.97212427464293,50.0392246634235,94.47363239907399,14.950012095074472,55.90142212026549,86.90770650154778
sample_89,82.59076559508128,74.4325053326708,74.3786562880556,82.12986463823388,19.868918117537827,24.06756828749487,46.03941255420302,57.021113841358094,59.218886786426495,56.51889462672298,97.07894331592412,95.01315094402868,30.877534028710297,56.829167433796535,61.693272117362454,38.192695998239564,83.4284372387817,0.5839757378504951,88.35193426909663,74.17084879970177,87.68167064624922,21.135933329956057,50.03711649286191,44.36711332469183,56.79781448699165,51.98771185903147,3.660588864266645,81.32466453732697,85.80124026801606,79.20627740012577,59.43948157671094,31.74772921164567,37.94843588818318,24.947063546235427,14.69701618623873,54.40379046448095,12.926415340968001,44.07963184868184,45.03853884101376,33.158136637666914,85.3150522997328,53.38158871586249,83.21905944598763,71.38167744394775,13.29727849136525,97.9261210063625,5.609599478149196,81.1674826636613,29.4735209089964,52.08827752301454
sample_90,69.73199251490692,93.01621775265662,41.381388039060084,96.44221554600392,83.36986228927665,77.18336188956815,35.487445436990626,1.813650474312034,28.107785408894237,61.16104661288026,93.28619942836929,73.15583096194985,99.07698946649558,5.267211745795308,16.120072989663093,36.74680129721541,11.411841491348607,19.812764736560606,8.144160781799915,69.96439948886942,70.31052710182632,74.89691943363131,1.157585823011853,68.08979606970851,20.569011100968982,6.896622459665402,77.12633394082687,95.25407408065362,24.544369707459534,10.881776530320009,51.617250406658854,98.59812491015084,4.255542898963283,17.222360399125858,91.06019402692738,11.426045757574578,26.153426875081287,22.907842960969138,92.91458982517518,34.322285776030995,53.611060335378156,87.08300915873288,15.113327572799683,49.000192023587516,81.69807769886579,54.080161676678195,36.04688172950225,8.367564170604103,74.80520627409692,16.54222629869636
sample_91,9.085598672862504,90.75409946684934,19.087643233007256,1.8225629408668786,74.93504936406221,13.04004162579182,4.271056857774569,79.39140855016663,26.159958359004964,83.32235276794442,57.038436200834255,45.911751024785104,82.53050413413122,36.56498020255155,37.1752797044267,42.780035341363075,9.596547345884222,68.81597356672494,33.95213122336792,64.22227768540102,91.7473536054083,72.55446616806731,75.93783174551214,85.43733379125717,94.62093466930345,10.035790640667862,58.15829090574772,89.19832934523532,35.69642040465847,74.35168803707799,46.17944479767605,51.034921326400884,75.27257255374946,80.71818981814398,40.840782275756226,95.65652789866864,14.660795283623006,64.51945569820904,60.59427147837218,62.963455933441125,97.21499792737876,35.95510128614495,61.449125654073924,73.49198559428875,29.32879743558001,77.49608681274329,89.40953992724347,51.72121347297711,64.54303401385157,39.2533178659104
sample_92,83.026687666262,63.907457740578764,21.044575232741003,34.58332823381045,35.95937347625424,5.446981182987298,40.73804087965617,79.98469039828034,40.4404986338766,50.3097555632547,52.65873766135568,87.17462062692513,94.09973930874523,88.96330816803084,64.09746139941538,33.48187234737109,86.02161543201005,26.749431081101005,50.23914373708257,33.11734528829028,74.1663635821136,64.04371644946578,55.50807900138569,38.18091460366575,78.3870150845089,75.66910909413784,79.19550624300338,37.93268226396157,42.84435759606505,24.056089398519454,50.22583337909309,12.663453470972751,91.48151079425485,21.01386875284792,47.58286732979038,31.319619057211856,82.3361934232883,30.952719401174566,21.7457656093079,19.75249128195159,83.96910686086564,46.960211163166555,99.85593460454665,56.92100319619486,32.60821192697654,23.11062355900867,59.25072205253687,34.7689034587811,29.035649813921772,94.84215060308995
sample_93,38.40156035454266,92.53310333944872,43.108428362724915,37.1047070313111,63.917600340529944,23.941576490427064,97.04702115264729,69.63736340176688,88.9757680485535,6.009676380423679,45.14941230224523,18.819925859512455,89.40132118642714,47.25608491514486,40.0973090643299,12.111433446261266,71.84885661077905,84.65376848869835,27.533989462432018,6.528053329025862,26.03912846242865,18.182620837720563,32.52693420360052,13.123526375553407,84.27435589683185,8.48826653026087,75.09040311516037,64.03114649824657,14.18146443318924,68.64059850506256,70.19990445723464,21.837825406202448,52.2108981180343,41.75998783578314,55.202814613206044,29.79299098613948,65.63429370918675,39.1041578863038,64.66250972863405,35.87645365253477,30.33981096126813,32.592755687420095,38.16001192331777,75.2193818849118,61.4739251821432,65.3844242961141,57.28087403998673,64.4997457901642,47.81116217024738,80.48807621193879
sample_94,22.869229150032854,97.29065802442476,80.57101937119518,82.27605931729767,96.94511124405217,45.54130037290307,35.728047939273175,29.085460870563573,51.3569183993283,25.13639976374411,83.77547660119805,32.86118153413868,88.12897021706729,69.04685572250406,7.728025836360086,73.59972919375242,48.4474155024994,17.942397720310975,6.754899911514856,80.54807271976851,13.78561385435535,91.43263697471747,59.55284705340027,17.610010256783394,34.21339926867124,46.90914697044555,90.2687422229843,98.06772584480997,37.047270762905825,57.786940909611474,74.80608847050108,76.71260674640584,12.510754932499301,3.4603378225595005,42.67377307062248,22.27246651304219,32.43180110902457,38.47933950112753,14.41220737316753,66.93394512585155,35.80647830275245,7.298714743926549,87.43919823566983,29.54443289494353,14.496578697123985,26.116325893297663,80.56387330250193,60.234263591307744,34.80432911833135,26.84279980985014
sample_95,15.485099230263788,1.3320675993917508,89.29978408341306,0.6195785391762465,66.16582953038426,42.6620899784383,56.00166193247931,86.7596407370828,82.4014090136528,40.40657014985547,35.592864088132714,90.2710266117768,99.3945033055241,62.60023454048378,56.21757295222982,14.326326522388221,60.663021137364694,85.07924411382987,11.885197942029313,52.6773329019303,61.00711029734869,62.87856950988547,13.136404587034889,2.1966903278829775,61.16538388791817,81.70830775945284,26.036931827308273,59.241345526581455,90.88920534378296,78.96216488149057,88.27353639814154,68.39536000792646,36.18000193206261,52.08904016750922,90.69901292046964,27.223223793913665,57.42865922297038,38.72268670726867,60.26675554283452,69.49290176613941,44.06230078485805,71.92552420757292,64.19229726760972,2.0590724796131887,26.45404282896494,85.66614582395594,21.500258870804025,99.15663812562542,12.471096034804031,98.44056767463016
sample_96,63.93781303075088,88.73841533609178,97.05933506067804,53.82055028309822,9.821006661254772,78.0154557990917,50.99681199548635,51.4528015524179,90.28256407464738,30.045878624097366,38.06322380598177,22.651650103671315,17.164242074877567,75.17642061340662,12.765748156085799,98.95106700889313,89.56844668017723,15.036930511030544,22.46347559249576,59.94727134587969,11.346127805761297,16.0522527858164,56.207762839546916,73.74133590056127,81.76464578967597,63.71963834217578,24.2792399969995,15.777955249915376,32.30809987810007,40.353786772790286,56.32370488667326,92.58682999778628,4.159130138953538,83.69518239131924,14.997251506548393,40.0912450928517,37.801391902647566,88.37678585823686,94.63614127763401,55.99307117926343,67.83870011224401,22.596394365487637,68.77365220941657,30.833137338164274,42.137341533013526,47.16684375116641,21.492345263621804,19.85504295067223,57.95811291558096,94.27254328488634
sample_97,85.78893633473464,63.230263034483436,56.1266886515351,93.08311695450243,81.13760686514533,60.61967712827484,65.44877891478183,94.32231100674456,46.4954433395423,46.715697030215416,60.294532088074604,23.090348776074478,64.78678232208026,92.56494743779432,92.34702778265748,4.975053770944804,22.977501205336893,23.76507567510979,93.42906158995966,83.91003287742937,68.06209192187518,7.453721560449978,82.43011873192523,40.01276765313487,91.30094989718285,29.735489930089187,44.387208256157116,72.34221983564527,18.050653252763414,72.08212871752148,78.3293139178526,55.14866604630191,47.001034221315216,96.94618448803455,60.17237314890993,56.656125556954464,41.44627567825484,49.22568207408196,45.71114679712822,21.06712913023303,53.33589498764074,4.5930348790993,86.68421691812983,15.861518314507927,85.43579070942306,48.50052447958058,55.69250129902932,25.870988891874948,59.71687780898781,51.292540725528326
sample_98,31.665250195068516,33.87320271961918,12.884818685777367,23.333425859349433,30.29870700496382,23.997728311088274,52.22887667365001,48.89829259090644,93.09353394134918,43.86009863420179,16.805225038379334,18.86700829789526,48.919922781079684,86.19877905603389,72.57126157749883,16.637530258637568,77.94760670568725,82.99647579267413,15.697952539573789,37.69569251269586,3.058363257267771,22.93729415631327,48.80685848079174,74.8715947518507,53.28765861105774,94.14726606099394,78.11144436879272,4.36441464842019,40.74810551377625,95.31651748939646,6.617547748547048,95.27925828110105,76.64575694762806,94.8025679239965,64.12657645670133,16.133585529286886,77.89541359837577,68.64193198060494,50.9418052677038,69.85953285082034,67.84090845370872,50.68503763269139,99.97953122380132,87.24428361347326,36.62052658632122,98.35652819800168,78.38153712507948,20.942032175206858,77.11634498385578,22.96895435192402
sample_99,69.83572874495111,63.242559601134374,30.940288225797154,29.410859835628887,60.69158131892111,39.05228308383006,25.92167203251424,99.55909985930664,83.64228853601239,27.562621023710655,89.30477435319713,60.61231616422631,98.42076205981321,29.03604113564493,39.876131589135944,96.92650043647276,43.55184407363247,29.6726388294954,96.63777998639101,1.3943424257583437,5.616748843941144,98.93278210768344,31.457924065918608,44.82717640438556,97.8810211187237,14.338328569807569,21.224579860690707,78.30532119255723,10.903052193824514,41.43904359959,18.034632844378706,32.841877807959406,79.26786397444428,94.9007307078469,41.80569439600244,36.00303054050895,53.76462857528923,16.175263305888965,27.774183636762917,33.01415865244021,75.13899757354005,33.57189253363493,97.49221809748441,70.07371757854737,91.92100690723515,75.17539777561929,54.011358085294056,82.53314427670601,42.09066104258001,39.1753747657404
